time,error_type,user,error_description,likely_cause
2024-02-1913:45:21,ERROR,sys-admin,Connectionrefused,timeout
2024-02-1913:47:15,ERROR,network-engineer,Databaseconnectionlost,networkissue
2024-02-1913:50:10,ERROR,dba,Filenotfound,deletedbymistake
2024-02-1913:51:27,ERROR,sys-admin,Servertimeout,heavyload
2024-02-1913:53:58,ERROR,developer,Databasequeryfailed,syntaxerror
2024-02-1913:55:09,ERROR,network-engineer,Memoryallocationerror,memoryleak
2024-02-1913:57:37,ERROR,sys-admin,Invalidinputreceived,usererror
2024-02-1913:58:49,ERROR,developer,Networkconnectionerror,firewallissue
2024-02-1914:01:17,ERROR,dba,Authenticationfailed,wrongcredentials
2024-02-1914:02:30,ERROR,sys-admin,Diskfailuredetected,hardwaremalfunction
2024-02-1914:03:45,ERROR,developer,Databasetablecorrupted,softwarebug
2024-02-1914:06:08,ERROR,network-engineer,Outofmemory,resourceexhaustion
2024-02-1914:08:34,ERROR,sys-admin,Configurationfilemissing,configurationerror
2024-02-1914:09:48,ERROR,developer,Servernotresponding,serveroverload
2024-02-1914:12:12,ERROR,user2947743,Diskspaceexhausted,hugefilecreation
2024-02-1914:13:27,ERROR,sys-admin,Filepermissionsdenied,accessrestriction
2024-02-1914:15:52,ERROR,network-engineer,Databaseconnectiontimeout,serverresponsedelay
2024-02-1914:17:07,ERROR,dba,Internalservererror,servermisconfiguration
2024-02-1914:19:33,ERROR,sys-admin,Serviceunavailable,servermaintenance
2024-02-1914:20:46,ERROR,developer,Serveroverloaddetected,hightraffic
2024-02-1914:23:10,ERROR,guest,Databasediskfull,storagecapacityexceeded
2024-02-1914:24:23,ERROR,sys-admin,Invalidconfigurationsettings,configurationerror
2024-02-1914:26:50,ERROR,developer,Datacorruptiondetected,dataintegrityissue
2024-02-1914:28:03,ERROR,network-engineer,Servercrashdetected,criticalfailure
2024-02-1914:30:28,ERROR,sys-admin,Softwarelicenseexpired,licenseexpiration
2024-02-1914:31:41,ERROR,developer,Hardwaremalfunction,faultyhardware
2024-02-1914:34:09,ERROR,network-engineer,Databasedeadlockdetected,databaseconflict
2024-02-1914:35:22,ERROR,user7658483,Serviceinterruption,servicemaintenance
2024-02-1914:37:47,ERROR,developer,Networkcongestion,highnetworktraffic
2024-02-1914:39:00,ERROR,network-engineer,Datalossdetected,datacorruption
2024-02-1914:41:26,ERROR,sys-admin,Invalidinputformat,inputvalidationfailure
2024-02-1914:42:38,ERROR,developer,APIkeyinvalid,authenticationfailure
2024-02-1914:45:04,ERROR,network-engineer,Systemoverload,resourceexhaustion
2024-02-1914:46:17,ERROR,user2947743,Memoryleakdetected,memorymanagementissue
2024-02-1914:48:42,ERROR,developer,Databaseconnectionpoolexhausted,resourcedepletion
2024-02-1914:49:54,ERROR,network-engineer,Permissiondenied,accessrestriction
